<?xml version="1.0"?>
<addon scheme="3.0" edition_type="ROOT,ULT:VENDOR">
    <id>payfort_fort</id>
    <version>1.0</version>
    <default_language>en</default_language>
    <priority>200</priority>
    <status>active</status>
    <name>PayFort FORT</name>
    <auto_install>MULTIVENDOR,ULTIMATE</auto_install>

    <settings edition_type="ROOT,ULT:VENDOR">
        <sections>
            <section id="general">
                <items>
                    <item id="payfort_fort_settings">
                        <type>template</type>
                        <default_value>payfort_fort_settings.tpl</default_value>
                    </item>
                    <item id="payment_settings">
                        <type>hidden</type>
                        <default_value>a:8:{s:8:"language";s:5:"store";s:19:"merchant_identifier";s:0:"";s:11:"access_code";s:0:"";s:7:"command";s:8:"PURCHASE";s:14:"hash_algorithm";s:4:"sha1";s:18:"sha_in_pass_phrase";s:0:"";s:19:"sha_out_pass_phrase";s:0:"";s:4:"mode";s:7:"sandbox";}</default_value>
                    </item>
                </items>
            </section>
        </sections>
    </settings>
    <queries>
        <item type="file">database/data.sql</item>
    </queries>
    <functions>
        <item for="uninstall">fn_payfort_fort_delete_payment_processors</item>
    </functions>
</addon>
